station,date,time_in,zd,dttm,lon,lat,bottle,depth,conductivity,temperature,pressure,scan,fluorescence,oxygen,oxygen2,par,v0,v1,v2,v3,v4,v5,flag,salinity
S285-002,2019-04-02,10:36:00,-13,2019-04-02T10:36+13, 174.6170,-43.5510,12,  2.0,42.406565111111114,14.939288888888889,2.0527777777777776,8697,3.038711111111111,241.39466666666667,5.543901111111111,78.79522222222222,1.1111111111111112e-4,1.3333333333333334e-4,3.038711111111111,2.079588888888889,2.9452444444444446,4.222222222222222e-4,0,34.587221623969796
S285-002,2019-04-02,10:36:00,-13,2019-04-02T10:36+13, 174.6170,-43.5510,11, 11.2,42.404955111111114,14.93228888888889,11.312777777777777,7558,4.544588888888889,172.78344444444443,3.968175555555556,22.422777777777778,1.5555555555555556e-4,2.111111111111111e-4,4.544588888888889,1.6502444444444444,2.4107666666666665,2.111111111111111e-4,0,34.58822676502577
S285-002,2019-04-02,10:36:00,-13,2019-04-02T10:36+13, 174.6170,-43.5510,10, 24.1,42.39538366666667,14.913355555555556,24.328777777777777,7336,4.772088888888889,145.37744444444445,3.3387866666666666,4.271522222222222,7.777777777777778e-5,2.2222222222222223e-4,4.772088888888889,1.4758111111111112,1.757288888888889,1.5555555555555556e-4,0,34.59104703107965
S285-002,2019-04-02,10:36:00,-13,2019-04-02T10:36+13, 174.6170,-43.5510,9, 49.6,40.40679077777778,12.852866666666667,49.97011111111111,7147,0.4473422222222222,141.44188888888888,3.249741111111111,1e-12,1.6666666666666666e-4,2e-4,0.44734444444444443,1.406188888888889,0.3373333333333333,2.777777777777778e-4,0,34.5813460945314
S285-002,2019-04-02,10:36:00,-13,2019-04-02T10:36+13, 174.6170,-43.5510,8, 73.1,39.96557633333333,12.314511111111111,73.61711111111111,6962,0.12859888888888887,142.14622222222224,3.266411111111111,1e-12,2.666666666666667e-4,2.111111111111111e-4,0.12862222222222222,1.398211111111111,0.0022555555555555554,4.7777777777777776e-4,0,34.642341744296694
S285-002,2019-04-02,10:36:00,-13,2019-04-02T10:36+13, 174.6170,-43.5510,7, 99.4,39.58910488888889,11.865077777777778,100.18722222222222,6750,0.07765999999999999,142.8358888888889,3.2826388888888887,1e-12,1.5555555555555556e-4,1.7777777777777776e-4,0.07765555555555556,1.3903222222222222,0.0023333333333333335,2.777777777777778e-4,0,34.68190858203752
S285-002,2019-04-02,10:36:00,-13,2019-04-02T10:36+13, 174.6170,-43.5510,6,147.7,39.09253888888889,11.291877777777778,148.79366666666667,6332,0.06119722222222222,143.87722222222223,3.306982222222222,1e-12,2.4444444444444443e-4,1.4444444444444444e-4,0.06121111111111111,1.3803333333333334,0.0022444444444444443,2.555555555555556e-4,0,34.70863051112409
S285-002,2019-04-02,10:36:00,-13,2019-04-02T10:36+13, 174.6170,-43.5510,5,197.9,38.62884477777778,10.772855555555555,199.42177777777778,5935,0.05593277777777778,146.86577777777777,3.3759977777777777,1e-12,5.555555555555555e-5,1.5555555555555556e-4,0.055933333333333335,1.3821555555555556,0.0022555555555555554,4e-4,0,34.714252324465
S285-002,2019-04-02,10:36:00,-13,2019-04-02T10:36+13, 174.6170,-43.5510,4,247.9,38.08824388888889,10.220933333333333,249.84966666666668,5524,0.055831222222222227,149.719,3.4418077777777776,1e-12,1.8888888888888888e-4,2.777777777777778e-4,0.05583333333333333,1.3819666666666668,0.0022,3.444444444444444e-4,0,34.671403454115016
S285-002,2019-04-02,10:36:00,-13,2019-04-02T10:36+13, 174.6170,-43.5510,3,297.3,37.500140333333334,9.608588888888889,299.7146666666667,5155,0.05429666666666667,153.39,3.526451111111111,1e-12,1.7777777777777779e-4,2.2222222222222223e-4,0.0543,1.3843444444444444,0.0022222222222222222,2.5555555555555553e-4,0,34.63456626097688
S285-002,2019-04-02,10:36:00,-13,2019-04-02T10:36+13, 174.6170,-43.5510,2,368.6,36.69014744444444,8.792455555555556,371.6864444444445,4667,0.05288955555555556,157.13788888888888,3.6128488888888888,1e-12,2.2222222222222223e-4,1.8888888888888888e-4,0.0529,1.3795777777777778,0.0023666666666666667,3.5555555555555557e-4,0,34.549036854561834
S285-002,2019-04-02,10:36:00,-13,2019-04-02T10:36+13, 174.6170,-43.5510,1,369.2,36.689189444444445,8.790244444444445,372.27166666666665,4657,0.05453422222222223,157.3001111111111,3.616581111111111,1e-12,2.3333333333333333e-4,1.2222222222222221e-4,0.05452222222222222,1.38,0.0022222222222222222,3.444444444444444e-4,0,34.5499099265208
S285-005,2019-04-03,10:43:00,-13,2019-04-03T10:43+13, 176.9620,-43.6324,12,  1.3,43.10737177777778,15.59371111111111,1.265,6994,3.5095111111111112,237.67044444444446,5.457827777777777,280.42,1.8888888888888888e-4,3.0000000000000003e-4,3.5095111111111112,2.103066666666667,3.492911111111111,3.333333333333333e-4,0,34.64379777567717
S285-005,2019-04-03,10:43:00,-13,2019-04-03T10:43+13, 176.9620,-43.6324,11,  2.4,43.10801822222222,15.593333333333334,2.384333333333333,6984,3.274188888888889,237.10955555555554,5.444948888888889,214.90555555555557,2.3333333333333333e-4,3.333333333333333e-4,3.274188888888889,2.068188888888889,3.3763,2.3333333333333333e-4,0,34.644266449333365
S285-005,2019-04-03,10:43:00,-13,2019-04-03T10:43+13, 176.9620,-43.6324,10, 10.5,43.11426311111111,15.594755555555556,10.550888888888888,6558,3.812266666666667,172.98877777777778,3.9724933333333334,46.815111111111115,2e-4,1.6666666666666666e-4,3.812266666666667,1.6601222222222223,2.7226222222222223,3.0000000000000003e-4,0,34.64538357129483
S285-005,2019-04-03,10:43:00,-13,2019-04-03T10:43+13, 176.9620,-43.6324,9, 22.6,43.12093822222222,15.595122222222223,22.768333333333334,6442,4.626077777777778,146.8508888888889,3.372272222222222,5.0803666666666665,1.2222222222222224e-4,1.666666666666667e-4,4.626077777777778,1.501511111111111,1.8182444444444443,3.7777777777777777e-4,0,34.6462095087554
S285-005,2019-04-03,10:43:00,-13,2019-04-03T10:43+13, 176.9620,-43.6324,8, 25.0,43.121280222222225,15.5946,25.213333333333335,6432,4.228211111111111,146.739,3.369701111111111,3.4315777777777776,2.555555555555556e-4,1.7777777777777779e-4,4.228211111111111,1.5006111111111111,1.6809333333333334,3.444444444444444e-4,0,34.64600594702218
S285-005,2019-04-03,10:43:00,-13,2019-04-03T10:43+13, 176.9620,-43.6324,7, 48.4,41.18289333333333,13.619655555555555,48.754,6245,0.6769566666666667,140.918,3.237302222222222,1e-12,1.7777777777777779e-4,2.4444444444444443e-4,0.6769666666666666,1.4183777777777777,0.4170333333333333,3.7777777777777777e-4,0,34.618764516065035
S285-005,2019-04-03,10:43:00,-13,2019-04-03T10:43+13, 176.9620,-43.6324,6, 48.5,40.97226166666667,13.282344444444444,48.86522222222222,6235,0.35985222222222224,141.436,3.2496922222222224,1e-12,2e-4,2.222222222222222e-4,0.35985555555555554,1.4155888888888888,0.3806777777777778,3.333333333333333e-4,0,34.72683500161333
S285-005,2019-04-03,10:43:00,-13,2019-04-03T10:43+13, 176.9620,-43.6324,5, 98.8,39.083360222222225,11.352155555555555,99.59044444444444,5885,0.11634222222222222,146.32377777777776,3.3630633333333333,1e-12,1.2222222222222221e-4,1.7777777777777779e-4,0.11633333333333333,1.401822222222222,0.002333333333333333,3.222222222222222e-4,0,34.66460554824136
S285-005,2019-04-03,10:43:00,-13,2019-04-03T10:43+13, 176.9620,-43.6324,4, 99.8,39.06138311111111,11.335722222222222,100.54333333333334,5868,0.09871733333333334,146.36211111111112,3.3639377777777777,1e-12,1.6666666666666666e-4,1.5555555555555556e-4,0.09872222222222223,1.4001333333333335,0.002311111111111111,3.222222222222222e-4,0,34.65787100894485
S285-005,2019-04-03,10:43:00,-13,2019-04-03T10:43+13, 176.9620,-43.6324,3,197.7,38.32755111111111,10.434044444444444,199.248,5140,0.057577222222222224,144.6758888888889,3.3259066666666666,1e-12,2.666666666666667e-4,2.4444444444444443e-4,0.057577777777777776,1.3633444444444445,0.002344444444444444,3.6666666666666667e-4,0,34.733243219846386
S285-005,2019-04-03,10:43:00,-13,2019-04-03T10:43+13, 176.9620,-43.6324,2,296.5,37.67969,9.746177777777778,298.9363333333333,4439,0.05418644444444445,144.78655555555557,3.3287144444444445,1e-12,2.4444444444444443e-4,1e-4,0.054177777777777776,1.3405444444444445,0.002322222222222222,3.0000000000000003e-4,0,34.68710967176786
S285-005,2019-04-03,10:43:00,-13,2019-04-03T10:43+13, 176.9620,-43.6324,1,331.9,37.50515655555556,9.567311111111112,334.6351111111111,4199,0.05454244444444445,146.25377777777777,3.362488888888889,1e-12,2.111111111111111e-4,2.888888888888889e-4,0.054544444444444444,1.3404666666666667,0.0022444444444444443,3.333333333333333e-4,0,34.663565993733435
S285-007,2019-04-04,10:35:00,-13,2019-04-04T10:35+13, 179.2200,-43.9192,12,  2.3,42.582953,15.241611111111112,2.3064444444444443,8340,0.60128,239.84144444444445,5.50743,265.97555555555556,2.4444444444444443e-4,1.5555555555555556e-4,0.6012777777777778,2.0806333333333336,3.470533333333333,2.5555555555555553e-4,0,34.48016969436014
S285-007,2019-04-04,10:35:00,-13,2019-04-04T10:35+13, 179.2200,-43.9192,11,  2.3,42.58279188888889,15.2409,2.367,8330,0.6694888888888889,229.57966666666667,5.271791111111111,277.1122222222222,1.5555555555555556e-4,2.4444444444444443e-4,0.6694888888888889,2.0129333333333332,3.4880444444444443,3.444444444444444e-4,0,34.48062577862436
S285-007,2019-04-04,10:35:00,-13,2019-04-04T10:35+13, 179.2200,-43.9192,10, 25.1,42.58222688888889,15.223255555555555,25.239,7543,0.8841966666666666,156.35633333333334,3.59041,37.38033333333333,2.222222222222222e-4,1.7777777777777776e-4,0.8842,1.5538333333333334,2.627266666666667,4.5555555555555556e-4,0,34.48651907601781
S285-007,2019-04-04,10:35:00,-13,2019-04-04T10:35+13, 179.2200,-43.9192,9, 25.0,42.55388266666667,15.195222222222222,25.222666666666665,7533,0.9264688888888889,156.10766666666666,3.584721111111111,37.102333333333334,2.111111111111111e-4,2.555555555555556e-4,0.9264777777777778,1.5513222222222223,2.6240555555555556,4.111111111111111e-4,0,34.485541020133084
S285-007,2019-04-04,10:35:00,-13,2019-04-04T10:35+13, 179.2200,-43.9192,8, 48.3,39.10044855555556,11.616477777777778,48.681222222222225,7380,0.6238722222222222,154.4018888888889,3.547997777777778,7.090622222222223,2.2222222222222223e-4,8.888888888888889e-5,0.6238777777777778,1.4585555555555556,1.9472333333333334,3.6666666666666667e-4,0,34.45680219501011
S285-007,2019-04-04,10:35:00,-13,2019-04-04T10:35+13, 179.2200,-43.9192,7, 49.3,39.12236433333333,11.613666666666667,49.657111111111114,7370,0.6053344444444445,153.78477777777778,3.5338766666666666,6.624011111111111,2.777777777777778e-4,1.2222222222222224e-4,0.6053333333333333,1.4554222222222222,1.9209222222222222,3.666666666666666e-4,0,34.480539693225246
S285-007,2019-04-04,10:35:00,-13,2019-04-04T10:35+13, 179.2200,-43.9192,6, 95.9,37.84933177777778,10.069866666666666,96.65022222222223,7067,0.07399766666666667,154.43766666666667,3.550273333333333,1e-12,2.2222222222222223e-4,2e-4,0.07401111111111111,1.4214333333333333,0.9402333333333334,3.6666666666666667e-4,0,34.64228868797597
S285-007,2019-04-04,10:35:00,-13,2019-04-04T10:35+13, 179.2200,-43.9192,5, 98.7,37.80275133333333,10.02661111111111,99.46944444444445,7057,0.07342977777777777,154.37777777777777,3.5489022222222224,1e-12,1.666666666666667e-4,3.111111111111111e-4,0.07342222222222222,1.419888888888889,0.8995888888888889,3.7777777777777777e-4,0,34.63489650946265
S285-007,2019-04-04,10:35:00,-13,2019-04-04T10:35+13, 179.2200,-43.9192,4,148.5,37.59236555555555,9.732922222222223,149.68,6750,0.05343211111111111,156.33988888888888,3.594307777777778,1e-12,1.2222222222222221e-4,2.4444444444444443e-4,0.05341111111111111,1.4206333333333334,0.2416,3.6666666666666667e-4,0,34.67846694067318
S285-007,2019-04-04,10:35:00,-13,2019-04-04T10:35+13, 179.2200,-43.9192,3,198.7,37.082452,9.227822222222223,200.26433333333333,6452,0.05030388888888889,161.07222222222222,3.70323,1e-12,1.7777777777777779e-4,2.111111111111111e-4,0.05031111111111111,1.430311111111111,0.0024555555555555554,4e-4,0,34.61581173731642
S285-007,2019-04-04,10:35:00,-13,2019-04-04T10:35+13, 179.2200,-43.9192,2,296.9,35.98665966666667,8.149244444444445,299.2712222222222,5841,0.04913411111111111,170.02455555555557,3.9092611111111113,1e-12,2.666666666666667e-4,2.222222222222222e-4,0.049133333333333334,1.4421555555555556,0.002255555555555556,3.333333333333333e-4,0,34.466756934509576
S285-007,2019-04-04,10:35:00,-13,2019-04-04T10:35+13, 179.2200,-43.9192,1,396.4,35.59487355555555,7.710255555555555,399.6622222222222,5231,0.048328888888888887,169.94511111111112,3.9075766666666665,1e-12,1.7777777777777779e-4,2.777777777777778e-4,0.048322222222222225,1.4210222222222222,0.0023,4.111111111111111e-4,0,34.430854880047164
S285-009,2019-04-05,10:11:00,-13,2019-04-05T10:11+13,-177.5557,-44.1113,12,  2.4,45.221983111111115,17.371177777777778,2.425777777777778,6922,0.3255177777777778,216.4681111111111,4.970108888888889,278.4411111111111,1.6666666666666666e-4,2.222222222222222e-4,0.3255222222222222,2.0039666666666665,3.489777777777778,3.7777777777777777e-4,0,34.958617556662375
S285-009,2019-04-05,10:11:00,-13,2019-04-05T10:11+13,-177.5557,-44.1113,11,  3.0,45.22358077777778,17.371955555555555,3.0192222222222225,6912,0.31600555555555554,206.12133333333333,4.732543333333333,212.6888888888889,1.6666666666666666e-4,1.1111111111111112e-4,0.316,1.9492777777777777,3.3735222222222223,2.555555555555556e-4,0,34.959101571490926
S285-009,2019-04-05,10:11:00,-13,2019-04-05T10:11+13,-177.5557,-44.1113,10, 10.4,45.22210166666667,17.3647,10.46188888888889,6295,0.5127877777777778,151.43122222222223,3.4768755555555555,102.19622222222222,2.666666666666667e-4,1.7777777777777779e-4,0.5128,1.5623,3.057411111111111,3.333333333333333e-4,0,34.9612461027457
S285-009,2019-04-05,10:11:00,-13,2019-04-05T10:11+13,-177.5557,-44.1113,9, 25.2,45.22666655555555,17.361877777777778,25.372555555555557,6128,0.6370733333333334,141.94555555555556,3.259087777777778,55.85744444444445,1.8888888888888888e-4,1.7777777777777779e-4,0.6370666666666667,1.502788888888889,2.797988888888889,3.7777777777777777e-4,0,34.961937017057416
S285-009,2019-04-05,10:11:00,-13,2019-04-05T10:11+13,-177.5557,-44.1113,8, 48.9,45.211792555555554,17.335233333333335,49.29577777777778,5962,0.6501533333333334,131.46122222222223,3.018388888888889,9.601511111111112,2.3333333333333333e-4,1.6666666666666666e-4,0.6501666666666667,1.4297,2.0656333333333334,2.888888888888889e-4,0,34.96295261032978
S285-009,2019-04-05,10:11:00,-13,2019-04-05T10:11+13,-177.5557,-44.1113,7, 50.4,45.21830711111111,17.33888888888889,50.77455555555556,5952,0.62774,131.07855555555554,3.009612222222222,8.487,1.7777777777777779e-4,2.2222222222222223e-4,0.6277333333333334,1.427011111111111,2.0170555555555554,2.111111111111111e-4,0,34.96487194023563
S285-009,2019-04-05,10:11:00,-13,2019-04-05T10:11+13,-177.5557,-44.1113,6, 74.5,41.16006755555556,13.39628888888889,75.10833333333333,5792,0.35827333333333333,136.63122222222222,3.1393677777777778,1.2381,1.7777777777777779e-4,1.7777777777777779e-4,0.35825555555555555,1.3857111111111111,1.3755666666666666,1.9999999999999998e-4,0,34.7893974431873
S285-009,2019-04-05,10:11:00,-13,2019-04-05T10:11+13,-177.5557,-44.1113,5, 99.4,40.62178588888889,12.622911111111112,100.17266666666667,5627,0.10397255555555555,138.7641111111111,3.18932,1e-12,1.8888888888888888e-4,2e-4,0.10396666666666667,1.3824555555555555,0.8642666666666666,5.444444444444444e-4,0,34.97815708086173
S285-009,2019-04-05,10:11:00,-13,2019-04-05T10:11+13,-177.5557,-44.1113,4, 99.2,40.63159211111111,12.610266666666666,99.96366666666667,5617,0.09714122222222223,138.63833333333332,3.186487777777778,1e-12,1.2222222222222224e-4,1.5555555555555556e-4,0.09713333333333334,1.3817666666666666,0.8614888888888889,3.444444444444444e-4,0,34.99944287737005
S285-009,2019-04-05,10:11:00,-13,2019-04-05T10:11+13,-177.5557,-44.1113,3,197.6,38.091706333333335,10.213455555555555,199.17544444444445,4964,0.050982,149.7478888888889,3.4425566666666665,1e-12,6.666666666666667e-5,2.666666666666667e-4,0.05096666666666667,1.387622222222222,0.0022333333333333333,2.777777777777778e-4,0,34.704957479080875
S285-009,2019-04-05,10:11:00,-13,2019-04-05T10:11+13,-177.5557,-44.1113,2,297.2,37.12042811111111,9.217255555555555,299.56755555555554,4280,0.04995633333333333,157.2782222222222,3.6160255555555554,1e-12,1.8888888888888888e-4,1.6666666666666666e-4,0.049966666666666666,1.3987,0.0023,2.777777777777778e-4,0,34.61959736241424
S285-009,2019-04-05,10:11:00,-13,2019-04-05T10:11+13,-177.5557,-44.1113,1,370.4,36.13257333333333,8.23868888888889,373.48466666666667,3772,0.04880344444444444,162.11777777777777,3.727508888888889,1e-12,1.3333333333333334e-4,2.777777777777778e-4,0.048822222222222225,1.3936333333333333,0.0022333333333333333,2.777777777777778e-4,0,34.499514947380156
S285-012,2019-04-06,22:47:00,-13,2019-04-06T22:47+13,-176.3504,-43.1844,12,  2.2,45.14258155555555,17.05337777777778,2.1835555555555555,7951,0.9462966666666667,210.42344444444444,4.832431111111111,1e-12,1.2222222222222224e-4,2.888888888888889e-4,0.9463,1.9684,0.21602222222222223,1.6666666666666666e-4,0,35.16598579164356
S285-012,2019-04-06,22:47:00,-13,2019-04-06T22:47+13,-176.3504,-43.1844,11,  2.6,45.14478611111111,17.054944444444445,2.582777777777778,7935,0.8990877777777778,207.49755555555555,4.765238888888889,1e-12,2e-4,2e-4,0.8990777777777778,1.9314333333333333,0.013866666666666666,3.111111111111111e-4,0,35.16638570681288
S285-012,2019-04-06,22:47:00,-13,2019-04-06T22:47+13,-176.3504,-43.1844,10, 10.2,45.154233,17.05942222222222,10.227333333333334,7371,0.8591755555555556,147.187,3.3801911111111114,1e-12,1.6666666666666666e-4,2.3333333333333333e-4,0.8591777777777778,1.5262777777777778,0.002277777777777778,3.111111111111111e-4,0,35.167751942628634
S285-012,2019-04-06,22:47:00,-13,2019-04-06T22:47+13,-176.3504,-43.1844,9, 24.8,45.165148,17.063855555555556,24.94311111111111,7237,1.0004922222222221,133.6201111111111,3.0686233333333335,1e-12,1e-4,7.777777777777778e-5,1.0005,1.4425444444444444,0.002211111111111111,2.666666666666667e-4,0,35.16769982245748
S285-012,2019-04-06,22:47:00,-13,2019-04-06T22:47+13,-176.3504,-43.1844,8, 47.8,44.21103844444445,16.139522222222222,48.184,7081,0.5094911111111111,129.82644444444443,2.9820455555555556,1e-12,8.888888888888889e-5,2.777777777777778e-4,0.5095,1.3977444444444445,0.0022444444444444443,1.8888888888888888e-4,0,35.13071827005661
S285-012,2019-04-06,22:47:00,-13,2019-04-06T22:47+13,-176.3504,-43.1844,7, 49.3,44.054094666666664,15.967366666666667,49.70022222222222,7071,0.4849833333333333,130.046,2.9872344444444443,1e-12,1.7777777777777779e-4,1.5555555555555556e-4,0.4849888888888889,1.396088888888889,0.0021777777777777776,4e-4,0,35.142750683770515
S285-012,2019-04-06,22:47:00,-13,2019-04-06T22:47+13,-176.3504,-43.1844,6, 72.8,42.61400688888889,14.485933333333334,73.38577777777778,6906,0.20980222222222222,131.5681111111111,3.0231966666666668,1e-12,2.3333333333333333e-4,2.2222222222222223e-4,0.20981111111111111,1.3763222222222222,0.0022,3.9999999999999996e-4,0,35.15538558499146
S285-012,2019-04-06,22:47:00,-13,2019-04-06T22:47+13,-176.3504,-43.1844,5, 98.8,41.476320888888885,13.427844444444444,99.504,6750,0.12137777777777778,133.49744444444445,3.067948888888889,1e-12,1.5555555555555556e-4,1.6666666666666666e-4,0.12136666666666666,1.3649444444444445,0.0022,1.7777777777777779e-4,0,35.048964030459864
S285-012,2019-04-06,22:47:00,-13,2019-04-06T22:47+13,-176.3504,-43.1844,4, 99.0,41.41724411111111,13.33698888888889,99.71466666666667,6740,0.12131666666666667,133.34233333333333,3.064503333333333,1e-12,1e-4,1.3333333333333334e-4,0.12132222222222222,1.3633444444444445,0.0022444444444444443,4.7777777777777776e-4,0,35.07664018162891
S285-012,2019-04-06,22:47:00,-13,2019-04-06T22:47+13,-176.3504,-43.1844,3,148.9,40.26930388888889,12.234155555555557,150.04066666666665,6401,0.05858622222222222,134.95444444444445,3.1019944444444443,1e-12,5.555555555555556e-5,2.111111111111111e-4,0.05858888888888889,1.3470111111111112,0.0022,3.6666666666666667e-4,0,34.97833236702141
S285-012,2019-04-06,22:47:00,-13,2019-04-06T22:47+13,-176.3504,-43.1844,2,198.5,39.63376366666667,11.62208888888889,200.0988888888889,6058,0.050617555555555555,135.49622222222223,3.114637777777778,1e-12,2.111111111111111e-4,1.3333333333333334e-4,0.05063333333333333,1.3325222222222222,0.002277777777777778,3.7777777777777777e-4,0,34.909623795864746
S285-012,2019-04-06,22:47:00,-13,2019-04-06T22:47+13,-176.3504,-43.1844,1,299.0,38.763383222222224,10.762855555555555,301.4368888888889,5349,0.04941377777777778,135.43,3.1133722222222224,1e-12,1.5555555555555556e-4,2.5555555555555553e-4,0.0494,1.3053444444444444,0.0021777777777777776,3.333333333333333e-4,0,34.81321764771146
S285-014,2019-04-07,22:15:00,+11,2019-04-07T22:15-11,-176.4111,-39.7459,12,  1.8,46.98079355555556,18.786233333333335,1.8487777777777779,7066,0.14897777777777776,180.86044444444445,4.152025555555555,1e-12,1.666666666666667e-4,1.8888888888888888e-4,0.14896666666666666,1.8003666666666667,0.028177777777777777,2.3333333333333333e-4,0,35.24443050420366
S285-014,2019-04-07,22:15:00,+11,2019-04-07T22:15-11,-176.4111,-39.7459,11,  2.6,46.98091155555556,18.78697777777778,2.606888888888889,7056,0.1495488888888889,174.1191111111111,3.99726,1e-12,1.4444444444444444e-4,1.1111111111111112e-4,0.14954444444444445,1.751111111111111,0.11346666666666667,4.5555555555555556e-4,0,35.243612042962674
S285-014,2019-04-07,22:15:00,+11,2019-04-07T22:15-11,-176.4111,-39.7459,10, 11.1,46.98624122222222,18.787355555555557,11.187,6721,0.14159555555555556,132.21544444444444,3.035281111111111,1e-12,2.111111111111111e-4,1.6666666666666666e-4,0.1416,1.4664222222222223,0.0021333333333333334,1.4444444444444444e-4,0,35.244582760129774
S285-014,2019-04-07,22:15:00,+11,2019-04-07T22:15-11,-176.4111,-39.7459,9, 24.9,47.000143111111115,18.79541111111111,25.054,6562,0.14854666666666666,125.77844444444445,2.887498888888889,1e-12,1.7777777777777779e-4,1.5555555555555556e-4,0.14853333333333332,1.4214444444444445,0.002088888888888889,4.111111111111111e-4,0,35.24424895377785
S285-014,2019-04-07,22:15:00,+11,2019-04-07T22:15-11,-176.4111,-39.7459,8, 49.6,46.97082733333333,18.727988888888888,49.958888888888886,6358,0.20976,125.13211111111112,2.8727633333333333,1e-12,2.3333333333333333e-4,2e-4,0.20975555555555556,1.4131666666666667,0.0021666666666666666,3.222222222222222e-4,0,35.26790818966762
S285-014,2019-04-07,22:15:00,+11,2019-04-07T22:15-11,-176.4111,-39.7459,7, 50.3,46.967934,18.721511111111113,50.726222222222226,6348,0.25731777777777776,125.00055555555555,2.869753333333333,1e-12,2.3333333333333333e-4,2.2222222222222223e-4,0.2573111111111111,1.4111555555555555,0.002344444444444444,1.7777777777777779e-4,0,35.27072323709315
S285-014,2019-04-07,22:15:00,+11,2019-04-07T22:15-11,-176.4111,-39.7459,6, 74.4,43.267188555555556,14.948455555555556,74.98966666666666,6132,0.79157,124.3668888888889,2.85783,1e-12,1e-4,1.6666666666666666e-4,0.7915666666666666,1.3394,0.0021888888888888887,2e-4,0,35.335213528837976
S285-014,2019-04-07,22:15:00,+11,2019-04-07T22:15-11,-176.4111,-39.7459,5, 97.8,42.28760911111111,14.047433333333334,98.51344444444445,5940,0.16034444444444446,128.23966666666666,2.94718,1e-12,2.222222222222222e-4,2.111111111111111e-4,0.16034444444444446,1.3453333333333333,0.002333333333333333,3.444444444444445e-4,0,35.24206726285699
S285-014,2019-04-07,22:15:00,+11,2019-04-07T22:15-11,-176.4111,-39.7459,4, 99.1,42.27620722222222,14.03571111111111,99.87455555555556,5930,0.1568622222222222,128.3121111111111,2.9488488888888886,1e-12,2.444444444444445e-4,3.333333333333333e-4,0.15687777777777778,1.3455222222222223,0.002088888888888889,2.222222222222222e-4,0,35.24160690086922
S285-014,2019-04-07,22:15:00,+11,2019-04-07T22:15-11,-176.4111,-39.7459,3,149.6,41.63625233333333,13.412455555555555,150.70933333333335,5507,0.05410177777777778,131.21677777777776,3.0158733333333334,1e-12,7.777777777777778e-5,1.6666666666666666e-4,0.05408888888888889,1.3470555555555555,0.002211111111111111,1.4444444444444444e-4,0,35.19266339878019
S285-014,2019-04-07,22:15:00,+11,2019-04-07T22:15-11,-176.4111,-39.7459,2,198.4,40.922549555555555,12.751222222222223,199.95522222222223,5065,0.05194844444444444,130.74633333333333,3.005262222222222,1e-12,1.5555555555555556e-4,4.4444444444444447e-5,0.051944444444444446,1.3257666666666668,0.002288888888888889,2.222222222222222e-4,0,35.104969925841964
S285-014,2019-04-07,22:15:00,+11,2019-04-07T22:15-11,-176.4111,-39.7459,1,270.0,39.47112055555556,11.424233333333333,272.1467777777778,4466,0.05194855555555556,129.498,2.9768555555555554,1e-12,1.9999999999999998e-4,1.6666666666666666e-4,0.051944444444444446,1.2865444444444445,0.002266666666666667,1.5555555555555554e-4,0,34.90417396866711
S285-015,2019-04-08,10:08:00,+11,2019-04-08T10:08-11,-175.9403,-39.2239,12,  1.8,47.764773444444444,19.481244444444442,1.861888888888889,15643,0.09875144444444445,127.73222222222222,2.9319888888888888,256.6488888888889,3.444444444444445e-4,2.555555555555556e-4,0.09875555555555555,1.4438666666666666,3.454277777777778,2.888888888888889e-4,0,35.3085540206578
S285-015,2019-04-08,10:08:00,+11,2019-04-08T10:08-11,-175.9403,-39.2239,11,  2.8,47.76699522222222,19.482644444444446,2.8383333333333334,15633,0.10214255555555556,125.89555555555556,2.8898277777777777,214.37222222222223,1.5555555555555556e-4,1.9999999999999998e-4,0.10215555555555556,1.4145777777777777,3.3772333333333333,2.888888888888889e-4,0,35.308854210351136
S285-015,2019-04-08,10:08:00,+11,2019-04-08T10:08-11,-175.9403,-39.2239,10, 24.2,47.77072888888889,19.47608888888889,24.359555555555556,14624,0.12240333333333334,126.54311111111112,2.904698888888889,137.42666666666665,3.111111111111111e-4,1.9999999999999998e-4,0.12242222222222222,1.4392111111111112,3.1849333333333334,3.222222222222222e-4,0,35.30962407144908
S285-015,2019-04-08,10:08:00,+11,2019-04-08T10:08-11,-175.9403,-39.2239,9, 48.7,47.77333788888889,19.466944444444444,49.01411111111111,14460,0.1425788888888889,128.86766666666668,2.958072222222222,74.88888888888889,2.555555555555556e-4,2.5555555555555553e-4,0.14256666666666667,1.4537444444444445,2.9236666666666666,3.7777777777777777e-4,0,35.31051837445147
S285-015,2019-04-08,10:08:00,+11,2019-04-08T10:08-11,-175.9403,-39.2239,8, 50.9,47.775635,19.46748888888889,51.24633333333333,14444,0.14598777777777777,129.31733333333332,2.9683955555555555,70.29922222222223,1.4444444444444444e-4,1.5555555555555556e-4,0.1459888888888889,1.4568555555555556,2.896788888888889,3.0000000000000003e-4,0,35.311147947794076
S285-015,2019-04-08,10:08:00,+11,2019-04-08T10:08-11,-175.9403,-39.2239,7, 98.4,42.25427877777778,14.173533333333333,99.185,14097,0.5393044444444445,138.7962222222222,3.1893522222222224,10.081033333333334,2.3333333333333333e-4,2.2222222222222223e-4,0.5392888888888889,1.4123222222222223,2.0852222222222223,4.6666666666666666e-4,0,35.095606133772726
S285-015,2019-04-08,10:08:00,+11,2019-04-08T10:08-11,-175.9403,-39.2239,6, 98.7,42.23533855555556,14.135811111111112,99.47711111111111,14087,0.4792166666666667,138.8068888888889,3.189661111111111,9.9337,2.2222222222222223e-4,1.8888888888888888e-4,0.4792222222222222,1.4115555555555555,2.0791666666666666,3.8888888888888887e-4,0,35.11224215229682
S285-015,2019-04-08,10:08:00,+11,2019-04-08T10:08-11,-175.9403,-39.2239,5,198.4,40.76529022222223,12.637833333333333,199.99144444444445,13150,0.06692777777777778,134.285,3.0865633333333333,1e-12,2.555555555555556e-4,1.2222222222222221e-4,0.06691111111111112,1.3428333333333333,0.3101333333333333,4.222222222222222e-4,0,35.05944362231328
S285-015,2019-04-08,10:08:00,+11,2019-04-08T10:08-11,-175.9403,-39.2239,4,298.0,38.778362888888886,10.769911111111112,300.41844444444445,12224,0.04976977777777778,136.12777777777777,3.129428888888889,1e-12,1.4444444444444444e-4,3.7777777777777777e-4,0.04976666666666667,1.3080333333333334,0.0022333333333333333,3.444444444444444e-4,0,34.821982405290974
S285-015,2019-04-08,10:08:00,+11,2019-04-08T10:08-11,-175.9403,-39.2239,3,495.8,36.39914955555555,8.431455555555555,500.0772222222222,10481,0.04817611111111111,150.09688888888888,3.4511255555555556,1e-12,2.666666666666667e-4,1.666666666666667e-4,0.04817777777777778,1.3185333333333333,0.0023555555555555556,4e-4,0,34.534706779942056
S285-015,2019-04-08,10:08:00,+11,2019-04-08T10:08-11,-175.9403,-39.2239,2,741.6,34.85048088888889,6.789666666666666,748.4202222222223,8745,0.047489444444444445,154.86822222222222,3.5612044444444444,1e-12,3.333333333333333e-4,8.888888888888888e-5,0.04748888888888889,1.2842777777777779,0.002288888888888889,5e-4,0,34.36739058685389
S285-015,2019-04-08,10:08:00,+11,2019-04-08T10:08-11,-175.9403,-39.2239,1,893.0,34.30129266666667,6.104055555555555,901.5381111111111,7845,0.04794722222222222,154.20777777777778,3.546343333333333,1e-12,2.666666666666667e-4,2.5555555555555553e-4,0.047933333333333335,1.2519,0.0021222222222222224,4.5555555555555556e-4,0,34.371905212392186
S285-016,2019-04-09,09:40:00,+11,2019-04-09T09:40-11,-175.2767,-38.9973,12,  1.4,47.25345588888889,19.043266666666664,1.397,16891,0.08514522222222222,150.527,3.455462222222222,118.53666666666666,1.6666666666666666e-4,2.666666666666667e-4,0.08514444444444444,1.5907333333333333,3.1200555555555556,2.2222222222222223e-4,0,35.2543648147059
S285-016,2019-04-09,09:40:00,+11,2019-04-09T09:40-11,-175.2767,-38.9973,11,  2.5,47.25330011111111,19.04262222222222,2.5283333333333333,16881,0.08411966666666666,144.0811111111111,3.3074955555555556,105.03122222222223,1.8888888888888888e-4,1.6666666666666666e-4,0.08412222222222222,1.5504888888888888,3.0690444444444442,3.444444444444444e-4,0,35.25436432687304
S285-016,2019-04-09,09:40:00,+11,2019-04-09T09:40-11,-175.2767,-38.9973,10, 23.9,47.264527333333334,19.043144444444444,24.103,16365,0.11170333333333334,126.75433333333334,2.90975,194.88888888888889,1.4444444444444444e-4,1.8888888888888888e-4,0.11172222222222222,1.4326222222222222,3.3350555555555554,3.111111111111111e-4,0,35.25534430399614
S285-016,2019-04-09,09:40:00,+11,2019-04-09T09:40-11,-175.2767,-38.9973,9, 48.8,47.26997688888889,19.03651111111111,49.20188888888889,16152,0.13392444444444446,131.3322222222222,3.0148522222222223,84.92022222222222,1.2222222222222221e-4,1.9999999999999998e-4,0.13392222222222222,1.4639555555555555,2.977822222222222,3.8888888888888887e-4,0,35.25628724522467
S285-016,2019-04-09,09:40:00,+11,2019-04-09T09:40-11,-175.2767,-38.9973,8, 49.3,47.26075888888889,19.02628888888889,49.61922222222222,16142,0.13879777777777777,131.93311111111112,3.028651111111111,91.63077777777778,1.7777777777777779e-4,2e-4,0.13877777777777778,1.468,3.0101222222222224,4.4444444444444447e-4,0,35.257113896069775
S285-016,2019-04-09,09:40:00,+11,2019-04-09T09:40-11,-175.2767,-38.9973,7, 97.8,41.70138744444444,13.531822222222223,98.54333333333334,15658,0.32632333333333335,134.33066666666667,3.087308888888889,3.8539555555555554,2.4444444444444443e-4,1.5555555555555556e-4,0.32632222222222224,1.3722444444444444,1.7216,4.222222222222222e-4,0,35.16608649839966
S285-016,2019-04-09,09:40:00,+11,2019-04-09T09:40-11,-175.2767,-38.9973,6,100.5,41.70240966666667,13.530955555555556,101.22666666666667,15635,0.3446344444444444,134.31255555555555,3.0868977777777777,3.1527555555555558,1.8888888888888888e-4,3.222222222222222e-4,0.3446222222222222,1.3719666666666666,1.6527222222222222,4.222222222222222e-4,0,35.16671630652312
S285-016,2019-04-09,09:40:00,+11,2019-04-09T09:40-11,-175.2767,-38.9973,5,197.9,40.56368466666667,12.448655555555556,199.45066666666668,14686,0.05310155555555556,135.48755555555556,3.1142755555555555,1e-12,1.9999999999999998e-4,2.666666666666667e-4,0.05311111111111111,1.3467222222222222,0.3156222222222222,3.7777777777777777e-4,0,35.04168125050001
S285-016,2019-04-09,09:40:00,+11,2019-04-09T09:40-11,-175.2767,-38.9973,4,296.9,38.766964333333334,10.760855555555555,299.2762222222222,13590,0.050312555555555555,134.52355555555556,3.092553333333333,1e-12,1.5555555555555556e-4,2.111111111111111e-4,0.05031111111111111,1.2985777777777778,0.002511111111111111,3.444444444444444e-4,0,34.81966598219427
S285-016,2019-04-09,09:40:00,+11,2019-04-09T09:40-11,-175.2767,-38.9973,3,496.2,36.18506911111111,8.225755555555557,500.44466666666665,11574,0.047091,150.25088888888888,3.454701111111111,1e-12,3.0000000000000003e-4,1.5555555555555556e-4,0.04707777777777778,1.3145333333333333,0.0022555555555555554,3.111111111111111e-4,0,34.508635209837244
S285-016,2019-04-09,09:40:00,+11,2019-04-09T09:40-11,-175.2767,-38.9973,2,742.8,34.97056422222222,6.8934,749.6533333333333,9682,0.04636188888888889,155.88133333333334,3.58453,1e-12,2.111111111111111e-4,2.555555555555556e-4,0.04635555555555556,1.2896,0.0023,4.888888888888889e-4,0,34.395376014168086
S285-016,2019-04-09,09:40:00,+11,2019-04-09T09:40-11,-175.2767,-38.9973,1,893.3,34.30984922222222,6.122888888888889,901.8057777777777,8713,0.04701477777777777,156.686,3.6032977777777777,1e-12,1.9999999999999998e-4,1.1111111111111112e-4,0.047011111111111115,1.2654222222222222,0.0024444444444444444,3.333333333333333e-4,0,34.362419094012566
S285-017,2019-04-09,22:22:00,+11,2019-04-09T22:22-11,-174.3082,-38.6428,12,  2.0,48.00708322222222,19.7051,2.0295555555555556,8561,0.13320333333333334,155.17844444444444,3.5618166666666666,1e-12,1.3333333333333334e-4,2.4444444444444443e-4,0.1332,1.6425555555555555,0.1372,3.111111111111111e-4,0,35.31980294463832
S285-017,2019-04-09,22:22:00,+11,2019-04-09T22:22-11,-174.3082,-38.6428,11, 10.1,48.01321566666667,19.708855555555555,10.153444444444444,8158,0.13385444444444444,126.17888888888889,2.8961844444444447,1e-12,1.5555555555555556e-4,1.3333333333333334e-4,0.13384444444444443,1.4438777777777778,0.0023,4.222222222222222e-4,0,35.31873730372878
S285-017,2019-04-09,22:22:00,+11,2019-04-09T22:22-11,-174.3082,-38.6428,10, 25.9,48.02190044444444,19.708466666666666,26.068666666666665,7969,0.14245888888888888,125.22777777777777,2.874362222222222,1e-12,3.111111111111111e-4,2.5555555555555553e-4,0.14246666666666666,1.4347333333333334,0.002277777777777778,2.4444444444444443e-4,0,35.32044397144799
S285-017,2019-04-09,22:22:00,+11,2019-04-09T22:22-11,-174.3082,-38.6428,9, 30.7,48.02541155555556,19.70767777777778,30.971444444444444,7898,0.11919777777777778,125.38577777777778,2.8779933333333334,1e-12,2.4444444444444443e-4,3e-4,0.1192,1.4354777777777779,0.0024333333333333334,2.4444444444444443e-4,0,35.322225590346264
S285-017,2019-04-09,22:22:00,+11,2019-04-09T22:22-11,-174.3082,-38.6428,8, 38.6,48.02728444444445,19.705,38.84822222222222,7794,0.13684888888888888,126.80122222222222,2.910483333333333,1e-12,2.1111111111111113e-4,2.3333333333333333e-4,0.13682222222222223,1.445788888888889,0.002088888888888889,3.111111111111111e-4,0,35.32316826796267
S285-017,2019-04-09,22:22:00,+11,2019-04-09T22:22-11,-174.3082,-38.6428,7, 39.5,48.02404788888889,19.70272222222222,39.76866666666667,7784,0.13354888888888888,127.087,2.9170444444444446,1e-12,2.3333333333333333e-4,1.4444444444444444e-4,0.13355555555555554,1.4479666666666666,0.0021999999999999997,1.7777777777777779e-4,0,35.32208386535703
S285-017,2019-04-09,22:22:00,+11,2019-04-09T22:22-11,-174.3082,-38.6428,6, 41.1,48.029488,19.707422222222224,41.45422222222222,7773,0.1270911111111111,127.65244444444444,2.930022222222222,1e-12,1.8888888888888888e-4,9.999999999999999e-5,0.1270888888888889,1.450911111111111,0.002311111111111111,4.5555555555555556e-4,0,35.32199610034233
S285-017,2019-04-09,22:22:00,+11,2019-04-09T22:22-11,-174.3082,-38.6428,5, 40.2,48.024838555555554,19.701355555555555,40.45711111111111,7763,0.12319222222222223,127.55822222222223,2.92787,1e-12,2.666666666666667e-4,1.4444444444444444e-4,0.12318888888888889,1.4510333333333334,0.0023,4.333333333333333e-4,0,35.32364002862629
S285-017,2019-04-09,22:22:00,+11,2019-04-09T22:22-11,-174.3082,-38.6428,4, 99.9,42.336163,14.216333333333333,100.63722222222222,7279,0.4541011111111111,135.66788888888888,3.11753,1e-12,1.3333333333333334e-4,2.111111111111111e-4,0.45411111111111113,1.3933222222222221,0.0023555555555555556,3.1111111111111107e-4,0,35.132071059118545
S285-017,2019-04-09,22:22:00,+11,2019-04-09T22:22-11,-174.3082,-38.6428,3,148.7,40.49391966666666,12.481933333333334,149.88144444444444,6901,0.18353222222222224,132.34366666666668,3.0418066666666665,1e-12,1.7777777777777779e-4,1.4444444444444444e-4,0.18353333333333333,1.334211111111111,0.0022333333333333333,1.8888888888888888e-4,0,34.9646748642093
S285-017,2019-04-09,22:22:00,+11,2019-04-09T22:22-11,-174.3082,-38.6428,2,197.0,39.28050255555556,11.3171,198.56722222222223,6502,0.06446955555555556,133.4248888888889,3.0670544444444445,1e-12,2.555555555555556e-4,1.4444444444444444e-4,0.06447777777777777,1.3151777777777778,0.0022,2.222222222222222e-4,0,34.84908835924654
S285-017,2019-04-09,22:22:00,+11,2019-04-09T22:22-11,-174.3082,-38.6428,1,296.0,37.578693,9.6494,298.3702222222222,5696,0.048633888888888886,141.82811111111113,3.2607244444444445,1e-12,1.3333333333333334e-4,2.3333333333333333e-4,0.048633333333333334,1.3197444444444444,0.0021777777777777776,3.0000000000000003e-4,0,34.67673194502763
